[
  {
    "id": "beit-el-ezz-kerkennah",
    "name": "Beit El Ezz Kerkennah",
    "description": "Maison d'hôtes située à Ouled Yaneg avec petit déjeuner gratuit et restaurant.",
    "latitude": 34.685,
    "longitude": 11.165,
    "categories": [
      "Hébergement",
      "Maison d'hôtes"
    ],
    "phone": "",
    "imageUrls": [
      "https://commons.wikimedia.org/wiki/Special:FilePath/Ouled%20Yaneg%201.jpg"
    ]
  },
  {
    "id": "hotel-cercina",
    "name": "Hôtel Cercina",
    "description": "Hôtel familial à Sidi Fredj, fondé en 1968, spécialisé dans les fruits de mer.",
    "latitude": 34.706,
    "longitude": 11.156,
    "categories": [
      "Hébergement",
      "Hôtel"
    ],
    "phone": "74489600",
    "imageUrls": [
      "https://commons.wikimedia.org/wiki/Special:FilePath/Sakala%20cercina.jpg",
      "https://commons.wikimedia.org/wiki/Special:FilePath/Kerkennah.jpg"
    ]
  },
  {
    "id": "manaret-kerkennah",
    "name": "Manaret Kerkennah",
    "description": "Maison d'hôtes typique avec vue sur la mer, créée en 2016.",
    "latitude": 34.7,
    "longitude": 11.185,
    "categories": [
      "Hébergement",
      "Maison d'hôtes"
    ],
    "phone": "",
    "imageUrls": [
      "https://commons.wikimedia.org/wiki/Special:FilePath/Kerkennah.jpg",
      "https://commons.wikimedia.org/wiki/Special:FilePath/Kerkennah%20-%20coucher%20de%20soleil.jpg"
    ]
  },
  {
    "id": "restaurant-cercina",
    "name": "Restaurant Cercina",
    "description": "Restaurant au bord de la mer depuis 1968, spécialisé en fruits de mer.",
    "latitude": 34.7062,
    "longitude": 11.1565,
    "categories": [
      "Restaurant",
      "Fruits de mer"
    ],
    "phone": "74489600",
    "imageUrls": [
      "https://commons.wikimedia.org/wiki/Special:FilePath/Sakala%20cercina.jpg",
      "https://commons.wikimedia.org/wiki/Special:FilePath/Kerkennah%20-%20coucher%20de%20soleil.jpg"
    ]
  },
  {
    "id": "grand-hotel-kerkennah",
    "name": "Le Grand Hôtel Kerkennah",
    "description": "Hôtel 83 chambres à Sidi Fredj, pieds dans l'eau avec piscine.",
    "latitude": 34.705,
    "longitude": 11.155,
    "categories": [
      "Hébergement",
      "Hôtel"
    ],
    "phone": "74489858",
    "imageUrls": [
      "https://commons.wikimedia.org/wiki/Special:FilePath/Kerkennah.jpg",
      "https://commons.wikimedia.org/wiki/Special:FilePath/Kerkennah%20018.jpg"
    ]
  },
  {
    "id": "plage-sidi-fredj",
    "name": "Plage de Sidi Fredj",
    "description": "Plage calme et aménagée de la zone touristique.",
    "latitude": 34.707,
    "longitude": 11.158,
    "categories": [
      "Plage",
      "Nature"
    ],
    "phone": "",
    "imageUrls": [
      "https://commons.wikimedia.org/wiki/Special:FilePath/Kerkennah%20018.jpg",
      "https://commons.wikimedia.org/wiki/Special:FilePath/Kerkennah%20-%20coucher%20de%20soleil.jpg"
    ]
  },
  {
    "id": "port-sidi-youssef",
    "name": "Port de Sidi Youssef",
    "description": "Port principal, point d'arrivée du ferry depuis Sfax.",
    "latitude": 34.746,
    "longitude": 11.111,
    "categories": [
      "Port",
      "Transport"
    ],
    "phone": "",
    "imageUrls": [
      "https://commons.wikimedia.org/wiki/Special:FilePath/Port%20Sidi%20Youssef.JPG"
    ]
  },
  {
    "id": "musee-dar-el-fehri",
    "name": "Musée Dar El Fehri - Musée du Patrimoine",
    "description": "Musée du patrimoine insulaire situé à El Abbassia, ouvert fin 2004.",
    "latitude": 34.685,
    "longitude": 11.13,
    "categories": [
      "Musée",
      "Culture"
    ],
    "phone": "",
    "imageUrls": [
      "https://commons.wikimedia.org/wiki/Special:FilePath/Ramla-Tunis%202.jpg",
      "https://commons.wikimedia.org/wiki/Special:FilePath/Ramla-Tunis%203.jpg"
    ]
  },
  {
    "id": "borj-el-hissar",
    "name": "Borj El Hissar",
    "description": "Site archéologique majeur - tombeau romain à niches avec fresques.",
    "latitude": 34.7104,
    "longitude": 11.154,
    "categories": [
      "Site historique",
      "Monument"
    ],
    "phone": "",
    "imageUrls": [
      "https://commons.wikimedia.org/wiki/Special:FilePath/Borj%20el%20Hsar%20Kerkennah.jpg",
      "https://commons.wikimedia.org/wiki/Special:FilePath/Borj%20El%20Hsar.jpg",
      "https://commons.wikimedia.org/wiki/Special:FilePath/Borj%20El%20Hsar000.jpg"
    ]
  },
  {
    "id": "remla",
    "name": "Remla",
    "description": "Capitale et ville principale de l'archipel avec centre administratif.",
    "latitude": 34.7065,
    "longitude": 11.19,
    "categories": [
      "Village",
      "Centre administratif"
    ],
    "phone": "",
    "imageUrls": [
      "https://commons.wikimedia.org/wiki/Special:FilePath/Ramla-Tunis%201.jpg",
      "https://commons.wikimedia.org/wiki/Special:FilePath/Ramla-Tunis%202.jpg",
      "https://commons.wikimedia.org/wiki/Special:FilePath/Ramla-Tunis%203.jpg",
      "https://commons.wikimedia.org/wiki/Special:FilePath/Ramla-Tunis%204.jpg"
    ]
  },
  {
    "id": "kraten",
    "name": "Kraten",
    "description": "Village de pêcheurs avec port et vente à la criée à 7h.",
    "latitude": 34.725,
    "longitude": 11.22,
    "categories": [
      "Village",
      "Port"
    ],
    "phone": "",
    "imageUrls": [
      "https://commons.wikimedia.org/wiki/Special:FilePath/Kraten%20Harbour%2C%20Kerkena%20Islands%2C%20Tunisia.jpg"
    ]
  },
  {
    "id": "restaurant-le-regal",
    "name": "Restaurant Le Régal - Chez Najet",
    "description": "Restaurant avec terrasse sur pilotis à El Attaya.",
    "latitude": 34.7443,
    "longitude": 11.2958,
    "categories": [
      "Restaurant",
      "Fruits de mer"
    ],
    "phone": "",
    "imageUrls": [
      "https://commons.wikimedia.org/wiki/Special:FilePath/Fish%20couscous%20from%20Kerkenah%2C%20Tunisia%2C%20August%2016th%2C%202007.jpg"
    ]
  },
  {
    "id": "sidi-fredj",
    "name": "Sidi Fredj",
    "description": "Village et zone touristique principale avec hôtels et restaurants.",
    "latitude": 34.7055,
    "longitude": 11.157,
    "categories": [
      "Village",
      "Zone touristique"
    ],
    "phone": "",
    "imageUrls": [
      "https://commons.wikimedia.org/wiki/Special:FilePath/Kerkennah%20018.jpg",
      "https://commons.wikimedia.org/wiki/Special:FilePath/Kerkennah%20-%20coucher%20de%20soleil.jpg"
    ]
  },
  {
    "id": "el-attaya",
    "name": "El Attaya",
    "description": "Village situé à l'extrémité est de l'archipel avec vieux port.",
    "latitude": 34.7445,
    "longitude": 11.2963,
    "categories": [
      "Village"
    ],
    "phone": "",
    "imageUrls": [
      "https://commons.wikimedia.org/wiki/Special:FilePath/Kerkennah%20018.jpg",
      "https://commons.wikimedia.org/wiki/Special:FilePath/Kerkennah.jpg"
    ]
  },
  {
    "id": "casa-mia-kerkennah",
    "name": "Casa Mia Kerkennah",
    "description": "Maison d'hôtes au bord de mer avec jardin et terrasse.",
    "latitude": 34.72,
    "longitude": 11.18,
    "categories": [
      "Hébergement",
      "Maison d'hôtes"
    ],
    "phone": "",
    "imageUrls": [
      "https://commons.wikimedia.org/wiki/Special:FilePath/Kerkennah%20-%20coucher%20de%20soleil.jpg",
      "https://commons.wikimedia.org/wiki/Special:FilePath/Kerkennah%20018.jpg"
    ]
  },
  {
    "id": "hopital-regional-kerkennah",
    "name": "Hôpital Régional de Kerkennah",
    "description": "Hôpital régional situé à Remla.",
    "latitude": 34.7084,
    "longitude": 11.2014,
    "categories": [
      "Santé",
      "Hôpital"
    ],
    "phone": "74481119",
    "imageUrls": [
      "https://commons.wikimedia.org/wiki/Special:FilePath/Kerkennah.jpg"
    ]
  },
  {
    "id": "commissariat-garde-nationale-sidi-youssef",
    "name": "Commissariat de la Garde Nationale - Sidi Youssef",
    "description": "Poste de la Garde Nationale situé au Port de Sidi Youssef.",
    "latitude": 34.745,
    "longitude": 11.11,
    "categories": [
      "Administration",
      "Sécurité"
    ],
    "phone": "",
    "imageUrls": [
      "https://commons.wikimedia.org/wiki/Special:FilePath/Kerkennah.jpg",
      "https://commons.wikimedia.org/wiki/Special:FilePath/Kerkennah%20-%20coucher%20de%20soleil.jpg",
      "https://commons.wikimedia.org/wiki/Special:FilePath/Kerkennah%20018.jpg",
      "https://commons.wikimedia.org/wiki/Special:FilePath/Ile%20de%20Kerkennah%2C%20aerial%20view.jpg",
      "https://commons.wikimedia.org/wiki/Special:FilePath/Kraten%20Harbour%2C%20Kerkena%20Islands%2C%20Tunisia.jpg",
      "https://commons.wikimedia.org/wiki/Special:FilePath/Sakala%20cercina.jpg"
    ]
  },
  {
    "id": "dar-fraj-kerkennah",
    "name": "Dar Fraj - Maison d'hôte Kerkennah",
    "description": "Maison d'hôtes avec vue sur la mer.",
    "latitude": 34.71,
    "longitude": 11.17,
    "categories": [
      "Hébergement",
      "Maison d'hôtes"
    ],
    "phone": "",
    "imageUrls": [
      "https://commons.wikimedia.org/wiki/Special:FilePath/Kerkennah%20018.jpg",
      "https://commons.wikimedia.org/wiki/Special:FilePath/Kerkennah%20-%20coucher%20de%20soleil.jpg"
    ]
  },
  {
    "id": "hotel-ennakhla",
    "name": "Hôtel Ennakhla",
    "description": "Petit hôtel à Kerkennah.",
    "latitude": 34.715,
    "longitude": 11.19,
    "categories": [
      "Hébergement",
      "Hôtel"
    ],
    "phone": "",
    "imageUrls": [
      "https://commons.wikimedia.org/wiki/Special:FilePath/Kerkennah%20-%20coucher%20de%20soleil.jpg",
      "https://commons.wikimedia.org/wiki/Special:FilePath/Kerkennah.jpg"
    ]
  },
  {
    "id": "restaurant-la-sirene",
    "name": "Restaurant La Sirène",
    "description": "Restaurant pieds dans le sable, poissons au barbecue.",
    "latitude": 34.709,
    "longitude": 11.204,
    "categories": [
      "Restaurant",
      "Fruits de mer"
    ],
    "phone": "",
    "imageUrls": [
      "https://commons.wikimedia.org/wiki/Special:FilePath/Fish%20couscous%20from%20Kerkenah%2C%20Tunisia%2C%20August%2016th%2C%202007.jpg"
    ]
  },
  {
    "id": "restaurant-el-jazira",
    "name": "Restaurant El Jazira",
    "description": "Restaurant à Remla, fruits de mer.",
    "latitude": 34.7068,
    "longitude": 11.1905,
    "categories": [
      "Restaurant",
      "Fruits de mer"
    ],
    "phone": "",
    "imageUrls": [
      "https://commons.wikimedia.org/wiki/Special:FilePath/Fish%20couscous%20from%20Kerkenah%2C%20Tunisia%2C%20August%2016th%2C%202007.jpg"
    ]
  },
  {
    "id": "plage-ouled-yaneg",
    "name": "Plage d'Ouled Yaneg",
    "description": "Plage calme et authentique.",
    "latitude": 34.688,
    "longitude": 11.172,
    "categories": [
      "Plage",
      "Nature"
    ],
    "phone": "",
    "imageUrls": [
      "https://commons.wikimedia.org/wiki/Special:FilePath/Ouled%20Yaneg%205.jpg",
      "https://commons.wikimedia.org/wiki/Special:FilePath/Ouled%20Yaneg%206.jpg",
      "https://commons.wikimedia.org/wiki/Special:FilePath/Ouled%20Yaneg%207.jpg"
    ]
  },
  {
    "id": "ouled-yaneg",
    "name": "Ouled Yaneg",
    "description": "Zone touristique et village.",
    "latitude": 34.69,
    "longitude": 11.17,
    "categories": [
      "Village",
      "Zone touristique"
    ],
    "phone": "",
    "imageUrls": [
      "https://commons.wikimedia.org/wiki/Special:FilePath/Ouled%20Yaneg%201.jpg",
      "https://commons.wikimedia.org/wiki/Special:FilePath/Ouled%20Yaneg%202.jpg",
      "https://commons.wikimedia.org/wiki/Special:FilePath/Ouled%20Yaneg%203.jpg",
      "https://commons.wikimedia.org/wiki/Special:FilePath/Ouled%20Yaneg%204.jpg"
    ]
  },
  {
    "id": "plage-attaya",
    "name": "Plage d'Attaya",
    "description": "Plage près du vieux port.",
    "latitude": 34.745,
    "longitude": 11.3,
    "categories": [
      "Plage",
      "Nature"
    ],
    "phone": "",
    "imageUrls": [
      "https://commons.wikimedia.org/wiki/Special:FilePath/Kerkennah%20018.jpg",
      "https://commons.wikimedia.org/wiki/Special:FilePath/Kerkennah%20-%20coucher%20de%20soleil.jpg"
    ]
  },
  {
    "id": "plage-chouechia",
    "name": "Plage de Chouechia",
    "description": "Crique sur l'île de Gharbi.",
    "latitude": 34.738,
    "longitude": 11.095,
    "categories": [
      "Plage",
      "Nature"
    ],
    "phone": "",
    "imageUrls": [
      "https://commons.wikimedia.org/wiki/Special:FilePath/Kerkennah.jpg",
      "https://commons.wikimedia.org/wiki/Special:FilePath/Kerkennah%20-%20coucher%20de%20soleil.jpg",
      "https://commons.wikimedia.org/wiki/Special:FilePath/Kerkennah%20018.jpg",
      "https://commons.wikimedia.org/wiki/Special:FilePath/Ile%20de%20Kerkennah%2C%20aerial%20view.jpg",
      "https://commons.wikimedia.org/wiki/Special:FilePath/Kraten%20Harbour%2C%20Kerkena%20Islands%2C%20Tunisia.jpg",
      "https://commons.wikimedia.org/wiki/Special:FilePath/Sakala%20cercina.jpg"
    ]
  },
  {
    "id": "plage-remla",
    "name": "Plage de Remla",
    "description": "Plage principale près du centre.",
    "latitude": 34.71,
    "longitude": 11.205,
    "categories": [
      "Plage",
      "Nature"
    ],
    "phone": "",
    "imageUrls": [
      "https://commons.wikimedia.org/wiki/Special:FilePath/Ramla-Tunis%201.jpg",
      "https://commons.wikimedia.org/wiki/Special:FilePath/Ramla-Tunis%202.jpg",
      "https://commons.wikimedia.org/wiki/Special:FilePath/Ramla-Tunis%203.jpg",
      "https://commons.wikimedia.org/wiki/Special:FilePath/Ramla-Tunis%204.jpg"
    ]
  },
  {
    "id": "port-attaya",
    "name": "Port d'Attaya",
    "description": "Vieux port de pêche.",
    "latitude": 34.7448,
    "longitude": 11.2965,
    "categories": [
      "Port",
      "Pêche"
    ],
    "phone": "",
    "imageUrls": [
      "https://commons.wikimedia.org/wiki/Special:FilePath/Kerkennah.jpg",
      "https://commons.wikimedia.org/wiki/Special:FilePath/Kerkennah%20-%20coucher%20de%20soleil.jpg",
      "https://commons.wikimedia.org/wiki/Special:FilePath/Kerkennah%20018.jpg",
      "https://commons.wikimedia.org/wiki/Special:FilePath/Ile%20de%20Kerkennah%2C%20aerial%20view.jpg",
      "https://commons.wikimedia.org/wiki/Special:FilePath/Kraten%20Harbour%2C%20Kerkena%20Islands%2C%20Tunisia.jpg",
      "https://commons.wikimedia.org/wiki/Special:FilePath/Sakala%20cercina.jpg"
    ]
  },
  {
    "id": "port-ouled-yaneg",
    "name": "Port d'Ouled Yaneg",
    "description": "Port de départ pour kayak.",
    "latitude": 34.689,
    "longitude": 11.171,
    "categories": [
      "Port"
    ],
    "phone": "",
    "imageUrls": [
      "https://commons.wikimedia.org/wiki/Special:FilePath/Kerkennah.jpg",
      "https://commons.wikimedia.org/wiki/Special:FilePath/Kerkennah%20-%20coucher%20de%20soleil.jpg",
      "https://commons.wikimedia.org/wiki/Special:FilePath/Kerkennah%20018.jpg",
      "https://commons.wikimedia.org/wiki/Special:FilePath/Ile%20de%20Kerkennah%2C%20aerial%20view.jpg",
      "https://commons.wikimedia.org/wiki/Special:FilePath/Kraten%20Harbour%2C%20Kerkena%20Islands%2C%20Tunisia.jpg",
      "https://commons.wikimedia.org/wiki/Special:FilePath/Sakala%20cercina.jpg"
    ]
  },
  {
    "id": "port-kraten",
    "name": "Port de Kraten",
    "description": "Port de pêche avec vente à la criée à 7h.",
    "latitude": 34.726,
    "longitude": 11.221,
    "categories": [
      "Port",
      "Pêche"
    ],
    "phone": "",
    "imageUrls": [
      "https://commons.wikimedia.org/wiki/Special:FilePath/Kraten%20Harbour%2C%20Kerkena%20Islands%2C%20Tunisia.jpg"
    ]
  },
  {
    "id": "pharmacie-bhiri-hechmi",
    "name": "Pharmacie Bhiri Hechmi",
    "description": "Pharmacie sur la route principale.",
    "latitude": 34.707,
    "longitude": 11.192,
    "categories": [
      "Pharmacie",
      "Santé"
    ],
    "phone": "74481074",
    "imageUrls": [
      "https://commons.wikimedia.org/wiki/Special:FilePath/Kerkennah.jpg"
    ]
  },
  {
    "id": "municipalite-kerkennah",
    "name": "Municipalité de Kerkennah",
    "description": "Mairie de Kerkennah à Remla.",
    "latitude": 34.7065,
    "longitude": 11.19,
    "categories": [
      "Administration",
      "Municipalité"
    ],
    "phone": "",
    "imageUrls": [
      "https://commons.wikimedia.org/wiki/Special:FilePath/Kerkennah.jpg",
      "https://commons.wikimedia.org/wiki/Special:FilePath/Martyr%20Salim%20Hadhari%20Place%20in%20Kerkennah%20.jpg"
    ]
  },
  {
    "id": "kellabine",
    "name": "Kellabine",
    "description": "Village historique - première école franco-arabe (1888).",
    "latitude": 34.69,
    "longitude": 11.14,
    "categories": [
      "Village"
    ],
    "phone": "",
    "imageUrls": [
      "https://commons.wikimedia.org/wiki/Special:FilePath/Kerkennah%20018.jpg"
    ]
  },
  {
    "id": "mellita",
    "name": "Mellita",
    "description": "Village principal de l'île de Gharbi.",
    "latitude": 34.74,
    "longitude": 11.105,
    "categories": [
      "Village"
    ],
    "phone": "",
    "imageUrls": [
      "https://commons.wikimedia.org/wiki/Special:FilePath/Mellita%201.jpg",
      "https://commons.wikimedia.org/wiki/Special:FilePath/Mellita%202.jpg",
      "https://commons.wikimedia.org/wiki/Special:FilePath/Mellita%203.jpg",
      "https://commons.wikimedia.org/wiki/Special:FilePath/Mellita%204.jpg"
    ]
  },
  {
    "id": "ouled-bou-ali",
    "name": "Ouled Bou Ali",
    "description": "Village ayant abrité familles israélites.",
    "latitude": 34.695,
    "longitude": 11.16,
    "categories": [
      "Village"
    ],
    "phone": "",
    "imageUrls": [
      "https://commons.wikimedia.org/wiki/Special:FilePath/Kerkennah%20018.jpg"
    ]
  },
  {
    "id": "ouled-kacem",
    "name": "Ouled Kacem",
    "description": "Village de l'archipel.",
    "latitude": 34.705,
    "longitude": 11.195,
    "categories": [
      "Village"
    ],
    "phone": "",
    "imageUrls": [
      "https://commons.wikimedia.org/wiki/Special:FilePath/Kerkennah%20018.jpg"
    ]
  },
  {
    "id": "mosquee-el-attaya",
    "name": "Mosquée El Attaya",
    "description": "Grande mosquée du village d'El Attaya.",
    "latitude": 34.744,
    "longitude": 11.296,
    "categories": [
      "Mosquée",
      "Culte"
    ],
    "phone": "",
    "imageUrls": [
      "https://commons.wikimedia.org/wiki/Special:FilePath/Marabout%20KKH.JPG"
    ]
  },
  {
    "id": "mosquee-el-kraten",
    "name": "Mosquée El Kraten",
    "description": "Mosquée du village de Kraten.",
    "latitude": 34.7245,
    "longitude": 11.2195,
    "categories": [
      "Mosquée",
      "Culte"
    ],
    "phone": "",
    "imageUrls": [
      "https://commons.wikimedia.org/wiki/Special:FilePath/Marabout%20KKH.JPG"
    ]
  },
  {
    "id": "mosquee-sidi-youssef",
    "name": "Mosquée Sidi Youssef",
    "description": "Mosquée abritant le tombeau du saint Sidi Youssef.",
    "latitude": 34.7455,
    "longitude": 11.1105,
    "categories": [
      "Mosquée",
      "Culte",
      "Site historique"
    ],
    "phone": "",
    "imageUrls": [
      "https://commons.wikimedia.org/wiki/Special:FilePath/Marabout%20KKH.JPG",
      "https://commons.wikimedia.org/wiki/Special:FilePath/Port%20Sidi%20Youssef.JPG"
    ]
  }
]